master_commit	relay_start	relay_end
2019-08-30 07:56:54.314685	2019-08-30 07:56:54.334766	2019-08-30 07:56:54.334826
2019-08-30 07:56:55.393636	2019-08-30 07:56:55.412881	2019-08-30 07:56:55.412939
2019-08-30 07:56:56.515372	2019-08-30 07:56:56.536487	2019-08-30 07:56:56.536561
2019-08-30 07:56:57.639238	2019-08-30 07:56:57.661017	2019-08-30 07:56:57.66109
2019-08-30 07:56:58.764646	2019-08-30 07:56:58.783509	2019-08-30 07:56:58.783587
2019-08-30 07:56:59.871759	2019-08-30 07:56:59.89087	2019-08-30 07:56:59.890957
2019-08-30 07:57:00.963431	2019-08-30 07:57:00.982522	2019-08-30 07:57:00.982597
2019-08-30 07:57:02.092537	2019-08-30 07:57:02.112083	2019-08-30 07:57:02.112142
2019-08-30 07:57:03.235175	2019-08-30 07:57:03.254141	2019-08-30 07:57:03.254193
2019-08-30 07:57:04.311435	2019-08-30 07:57:04.332171	2019-08-30 07:57:04.332224
2019-08-30 07:57:05.436491	2019-08-30 07:57:05.455362	2019-08-30 07:57:05.45541
2019-08-30 07:57:06.511999	2019-08-30 07:57:06.531836	2019-08-30 07:57:06.531875
2019-08-30 07:57:07.638687	2019-08-30 07:57:07.657641	2019-08-30 07:57:07.657681
2019-08-30 07:57:08.727925	2019-08-30 07:57:08.746681	2019-08-30 07:57:08.746729
2019-08-30 07:57:09.819942	2019-08-30 07:57:09.839442	2019-08-30 07:57:09.8395
2019-08-30 07:57:10.910029	2019-08-30 07:57:10.931006	2019-08-30 07:57:10.931051
2019-08-30 07:57:11.996236	2019-08-30 07:57:12.015339	2019-08-30 07:57:12.015416
2019-08-30 07:57:13.108034	2019-08-30 07:57:13.128167	2019-08-30 07:57:13.128242
2019-08-30 07:57:14.231418	2019-08-30 07:57:14.253166	2019-08-30 07:57:14.253241
2019-08-30 07:57:15.332096	2019-08-30 07:57:15.353184	2019-08-30 07:57:15.353249
2019-08-30 07:57:16.435862	2019-08-30 07:57:16.455117	2019-08-30 07:57:16.455154
2019-08-30 07:57:17.527331	2019-08-30 07:57:17.546322	2019-08-30 07:57:17.546374
2019-08-30 07:57:18.618936	2019-08-30 07:57:18.637844	2019-08-30 07:57:18.637893
2019-08-30 07:57:19.714552	2019-08-30 07:57:19.733588	2019-08-30 07:57:19.733658
2019-08-30 07:57:20.816069	2019-08-30 07:57:20.835256	2019-08-30 07:57:20.835307
2019-08-30 07:57:21.899229	2019-08-30 07:57:21.919242	2019-08-30 07:57:21.919279
2019-08-30 07:57:23.035388	2019-08-30 07:57:23.0554	2019-08-30 07:57:23.055499
2019-08-30 07:57:24.121625	2019-08-30 07:57:24.140662	2019-08-30 07:57:24.140793
2019-08-30 07:57:25.212667	2019-08-30 07:57:25.231297	2019-08-30 07:57:25.23135
2019-08-30 07:57:26.326804	2019-08-30 07:57:26.346039	2019-08-30 07:57:26.346094
2019-08-30 07:57:27.316802	2019-08-30 07:57:27.444639	2019-08-30 07:57:27.444688
2019-08-30 07:57:28.528801	2019-08-30 07:57:28.550739	2019-08-30 07:57:28.550818
2019-08-30 07:57:29.630911	2019-08-30 07:57:29.649994	2019-08-30 07:57:29.650045
2019-08-30 07:57:30.716039	2019-08-30 07:57:30.736296	2019-08-30 07:57:30.736417
2019-08-30 07:57:31.823988	2019-08-30 07:57:31.846118	2019-08-30 07:57:31.846168
2019-08-30 07:57:32.913071	2019-08-30 07:57:32.93259	2019-08-30 07:57:32.932621
2019-08-30 07:57:34.011219	2019-08-30 07:57:34.030969	2019-08-30 07:57:34.031
2019-08-30 07:57:35.120759	2019-08-30 07:57:35.140013	2019-08-30 07:57:35.140128
2019-08-30 07:57:36.224376	2019-08-30 07:57:36.243382	2019-08-30 07:57:36.24343
2019-08-30 07:57:37.324399	2019-08-30 07:57:37.346643	2019-08-30 07:57:37.346714
2019-08-30 07:57:38.416809	2019-08-30 07:57:38.436479	2019-08-30 07:57:38.436534
2019-08-30 07:57:39.497244	2019-08-30 07:57:39.520912	2019-08-30 07:57:39.520964
2019-08-30 07:57:40.648743	2019-08-30 07:57:40.667357	2019-08-30 07:57:40.667409
2019-08-30 07:57:41.727029	2019-08-30 07:57:41.746258	2019-08-30 07:57:41.746306
2019-08-30 07:57:42.804857	2019-08-30 07:57:42.824817	2019-08-30 07:57:42.824892
2019-08-30 07:57:43.892516	2019-08-30 07:57:43.916078	2019-08-30 07:57:43.916646
2019-08-30 07:57:44.95897	2019-08-30 07:57:44.97918	2019-08-30 07:57:44.979229
2019-08-30 07:57:46.127872	2019-08-30 07:57:46.147253	2019-08-30 07:57:46.147344
2019-08-30 07:57:47.2026	2019-08-30 07:57:47.222964	2019-08-30 07:57:47.223049
2019-08-30 07:57:48.300935	2019-08-30 07:57:48.319736	2019-08-30 07:57:48.320379
2019-08-30 07:57:49.377592	2019-08-30 07:57:49.396495	2019-08-30 07:57:49.396577
2019-08-30 07:57:50.466882	2019-08-30 07:57:50.486552	2019-08-30 07:57:50.486686
2019-08-30 07:57:51.543892	2019-08-30 07:57:51.565617	2019-08-30 07:57:51.565679
2019-08-30 07:57:52.648533	2019-08-30 07:57:52.669129	2019-08-30 07:57:52.669181
2019-08-30 07:57:53.746231	2019-08-30 07:57:53.765206	2019-08-30 07:57:53.765299
2019-08-30 07:57:54.806275	2019-08-30 07:57:54.843347	2019-08-30 07:57:54.843402
2019-08-30 07:57:55.93474	2019-08-30 07:57:55.955079	2019-08-30 07:57:55.955189
2019-08-30 07:57:57.040061	2019-08-30 07:57:57.060084	2019-08-30 07:57:57.060219
2019-08-30 07:57:58.121465	2019-08-30 07:57:58.142715	2019-08-30 07:57:58.142748
2019-08-30 07:57:59.216421	2019-08-30 07:57:59.23674	2019-08-30 07:57:59.23681
2019-08-30 07:58:00.310907	2019-08-30 07:58:00.33016	2019-08-30 07:58:00.330207
2019-08-30 07:58:01.398317	2019-08-30 07:58:01.417575	2019-08-30 07:58:01.417621
2019-08-30 07:58:02.384098	2019-08-30 07:58:02.404458	2019-08-30 07:58:02.404498
2019-08-30 07:58:03.608072	2019-08-30 07:58:03.6273	2019-08-30 07:58:03.627383
2019-08-30 07:58:04.761572	2019-08-30 07:58:04.78187	2019-08-30 07:58:04.781908
2019-08-30 07:58:05.869626	2019-08-30 07:58:05.8913	2019-08-30 07:58:05.891333
2019-08-30 07:58:06.970906	2019-08-30 07:58:06.989758	2019-08-30 07:58:06.989821
2019-08-30 07:58:08.075916	2019-08-30 07:58:08.096908	2019-08-30 07:58:08.097111
2019-08-30 07:58:09.194956	2019-08-30 07:58:09.213749	2019-08-30 07:58:09.213791
2019-08-30 07:58:10.214982	2019-08-30 07:58:10.234966	2019-08-30 07:58:10.235015
2019-08-30 07:58:11.371822	2019-08-30 07:58:11.390206	2019-08-30 07:58:11.390529
2019-08-30 07:58:12.447121	2019-08-30 07:58:12.475042	2019-08-30 07:58:12.475121
2019-08-30 07:58:13.532587	2019-08-30 07:58:13.563029	2019-08-30 07:58:13.563152
2019-08-30 07:58:14.617256	2019-08-30 07:58:14.640326	2019-08-30 07:58:14.640412
2019-08-30 07:58:15.755357	2019-08-30 07:58:15.774039	2019-08-30 07:58:15.774087
2019-08-30 07:58:16.852122	2019-08-30 07:58:16.871846	2019-08-30 07:58:16.871978
2019-08-30 07:58:17.931466	2019-08-30 07:58:17.951419	2019-08-30 07:58:17.951459
2019-08-30 07:58:19.027595	2019-08-30 07:58:19.047579	2019-08-30 07:58:19.047622
2019-08-30 07:58:20.136353	2019-08-30 07:58:20.15729	2019-08-30 07:58:20.157329
2019-08-30 07:58:21.245002	2019-08-30 07:58:21.264379	2019-08-30 07:58:21.264421
2019-08-30 07:58:22.326769	2019-08-30 07:58:22.346988	2019-08-30 07:58:22.34702
2019-08-30 07:58:23.346776	2019-08-30 07:58:23.366108	2019-08-30 07:58:23.366142
2019-08-30 07:58:24.514863	2019-08-30 07:58:24.551301	2019-08-30 07:58:24.551383
2019-08-30 07:58:25.604494	2019-08-30 07:58:25.624623	2019-08-30 07:58:25.624653
2019-08-30 07:58:26.657206	2019-08-30 07:58:26.678161	2019-08-30 07:58:26.678302
2019-08-30 07:58:27.757917	2019-08-30 07:58:27.776989	2019-08-30 07:58:27.77704
2019-08-30 07:58:28.715928	2019-08-30 07:58:28.84274	2019-08-30 07:58:28.842774
2019-08-30 07:58:29.953129	2019-08-30 07:58:29.973914	2019-08-30 07:58:29.974022
2019-08-30 07:58:30.984471	2019-08-30 07:58:31.030789	2019-08-30 07:58:31.030822
2019-08-30 07:58:32.139392	2019-08-30 07:58:32.166077	2019-08-30 07:58:32.166113
2019-08-30 07:58:33.184929	2019-08-30 07:58:33.205551	2019-08-30 07:58:33.205582
2019-08-30 07:58:34.310443	2019-08-30 07:58:34.334365	2019-08-30 07:58:34.334496
2019-08-30 07:58:35.381052	2019-08-30 07:58:35.410763	2019-08-30 07:58:35.410806
2019-08-30 07:58:36.490092	2019-08-30 07:58:36.512003	2019-08-30 07:58:36.512104
2019-08-30 07:58:37.485675	2019-08-30 07:58:37.510028	2019-08-30 07:58:37.510063
2019-08-30 07:58:38.507016	2019-08-30 07:58:38.608702	2019-08-30 07:58:38.608754
2019-08-30 07:58:39.724927	2019-08-30 07:58:39.757033	2019-08-30 07:58:39.757076
2019-08-30 07:58:40.774243	2019-08-30 07:58:40.831738	2019-08-30 07:58:40.831782
2019-08-30 07:58:41.854756	2019-08-30 07:58:41.893974	2019-08-30 07:58:41.894025
2019-08-30 07:58:42.947688	2019-08-30 07:58:42.967281	2019-08-30 07:58:42.967346
2019-08-30 07:58:44.083221	2019-08-30 07:58:44.104529	2019-08-30 07:58:44.104585
2019-08-30 07:58:45.157842	2019-08-30 07:58:45.185739	2019-08-30 07:58:45.185776
2019-08-30 07:58:46.26477	2019-08-30 07:58:46.295249	2019-08-30 07:58:46.295288
2019-08-30 07:58:47.345155	2019-08-30 07:58:47.38041	2019-08-30 07:58:47.380452
2019-08-30 07:58:48.411984	2019-08-30 07:58:48.44196	2019-08-30 07:58:48.442001
2019-08-30 07:58:49.492279	2019-08-30 07:58:49.525604	2019-08-30 07:58:49.525638
2019-08-30 07:58:50.496056	2019-08-30 07:58:50.609275	2019-08-30 07:58:50.609309
2019-08-30 07:58:51.601113	2019-08-30 07:58:51.622685	2019-08-30 07:58:51.622741
2019-08-30 07:58:52.755189	2019-08-30 07:58:52.774538	2019-08-30 07:58:52.774597
2019-08-30 07:58:53.737502	2019-08-30 07:58:53.768709	2019-08-30 07:58:53.768747
2019-08-30 07:58:54.742555	2019-08-30 07:58:54.844084	2019-08-30 07:58:54.844118
2019-08-30 07:58:55.957141	2019-08-30 07:58:55.97675	2019-08-30 07:58:55.976814
2019-08-30 07:58:57.005401	2019-08-30 07:58:57.05889	2019-08-30 07:58:57.058952
2019-08-30 07:58:58.176242	2019-08-30 07:58:58.198146	2019-08-30 07:58:58.19819
2019-08-30 07:58:59.233816	2019-08-30 07:58:59.265554	2019-08-30 07:58:59.265591
2019-08-30 07:59:00.354156	2019-08-30 07:59:00.376318	2019-08-30 07:59:00.376898
2019-08-30 07:59:01.428902	2019-08-30 07:59:01.449862	2019-08-30 07:59:01.449923
2019-08-30 07:59:02.505207	2019-08-30 07:59:02.534141	2019-08-30 07:59:02.534179
2019-08-30 07:59:03.514789	2019-08-30 07:59:03.5454	2019-08-30 07:59:03.54544
2019-08-30 07:59:04.629501	2019-08-30 07:59:04.703632	2019-08-30 07:59:04.703667
2019-08-30 07:59:05.748324	2019-08-30 07:59:05.788458	2019-08-30 07:59:05.788508
2019-08-30 07:59:06.82673	2019-08-30 07:59:06.848728	2019-08-30 07:59:06.848794
2019-08-30 07:59:07.819692	2019-08-30 07:59:07.920174	2019-08-30 07:59:07.92023
2019-08-30 07:59:08.866133	2019-08-30 07:59:08.964229	2019-08-30 07:59:08.964365
2019-08-30 07:59:10.038114	2019-08-30 07:59:10.106568	2019-08-30 07:59:10.106638
2019-08-30 07:59:11.172016	2019-08-30 07:59:11.196046	2019-08-30 07:59:11.196099
2019-08-30 07:59:12.255674	2019-08-30 07:59:12.288583	2019-08-30 07:59:12.288649
2019-08-30 07:59:13.339433	2019-08-30 07:59:13.370997	2019-08-30 07:59:13.371036
2019-08-30 07:59:14.517732	2019-08-30 07:59:14.555121	2019-08-30 07:59:14.555168
2019-08-30 07:59:15.608797	2019-08-30 07:59:15.646867	2019-08-30 07:59:15.646953
2019-08-30 07:59:16.668581	2019-08-30 07:59:16.773836	2019-08-30 07:59:16.773877
2019-08-30 07:59:17.626979	2019-08-30 07:59:17.729817	2019-08-30 07:59:17.729858
2019-08-30 07:59:18.741741	2019-08-30 07:59:18.937352	2019-08-30 07:59:18.937392
2019-08-30 07:59:19.984923	2019-08-30 07:59:20.00831	2019-08-30 07:59:20.008352
2019-08-30 07:59:21.122983	2019-08-30 07:59:21.144842	2019-08-30 07:59:21.144906
2019-08-30 07:59:22.23785	2019-08-30 07:59:22.260736	2019-08-30 07:59:22.260767
2019-08-30 07:59:23.299028	2019-08-30 07:59:23.338929	2019-08-30 07:59:23.338974
2019-08-30 07:59:24.37469	2019-08-30 07:59:24.421436	2019-08-30 07:59:24.421472
2019-08-30 07:59:25.464845	2019-08-30 07:59:25.494622	2019-08-30 07:59:25.494653
2019-08-30 07:59:26.50122	2019-08-30 07:59:26.528235	2019-08-30 07:59:26.528289
2019-08-30 07:59:27.539778	2019-08-30 07:59:27.577036	2019-08-30 07:59:27.577071
2019-08-30 07:59:28.617535	2019-08-30 07:59:28.651063	2019-08-30 07:59:28.65114
2019-08-30 07:59:29.704398	2019-08-30 07:59:29.7728	2019-08-30 07:59:29.772865
2019-08-30 07:59:30.732135	2019-08-30 07:59:30.866495	2019-08-30 07:59:30.86654
2019-08-30 07:59:31.800041	2019-08-30 07:59:31.91151	2019-08-30 07:59:31.911572
2019-08-30 07:59:32.790678	2019-08-30 07:59:32.915774	2019-08-30 07:59:32.91581
2019-08-30 07:59:34.076652	2019-08-30 07:59:34.097085	2019-08-30 07:59:34.097159
2019-08-30 07:59:35.166816	2019-08-30 07:59:35.217161	2019-08-30 07:59:35.217239
2019-08-30 07:59:36.289692	2019-08-30 07:59:36.31535	2019-08-30 07:59:36.315399
2019-08-30 07:59:37.379787	2019-08-30 07:59:37.414002	2019-08-30 07:59:37.414084
2019-08-30 07:59:38.473108	2019-08-30 07:59:38.502312	2019-08-30 07:59:38.502365
2019-08-30 07:59:39.542093	2019-08-30 07:59:39.58589	2019-08-30 07:59:39.585966
2019-08-30 07:59:40.512962	2019-08-30 07:59:40.540191	2019-08-30 07:59:40.540262
2019-08-30 07:59:41.650921	2019-08-30 07:59:41.711113	2019-08-30 07:59:41.711181
2019-08-30 07:59:42.558495	2019-08-30 07:59:42.668369	2019-08-30 07:59:42.668406
2019-08-30 07:59:43.758508	2019-08-30 07:59:43.897889	2019-08-30 07:59:43.89793
2019-08-30 07:59:44.743679	2019-08-30 07:59:44.882563	2019-08-30 07:59:44.882601
2019-08-30 07:59:45.952687	2019-08-30 07:59:45.990056	2019-08-30 07:59:45.99011
2019-08-30 07:59:47.07294	2019-08-30 07:59:47.124991	2019-08-30 07:59:47.125081
2019-08-30 07:59:48.126221	2019-08-30 07:59:48.1518	2019-08-30 07:59:48.151838
2019-08-30 07:59:49.184719	2019-08-30 07:59:49.203279	2019-08-30 07:59:49.203363
2019-08-30 07:59:50.348762	2019-08-30 07:59:50.391469	2019-08-30 07:59:50.39151
2019-08-30 07:59:51.45807	2019-08-30 07:59:51.485489	2019-08-30 07:59:51.48552
2019-08-30 07:59:52.508816	2019-08-30 07:59:52.541192	2019-08-30 07:59:52.541241
2019-08-30 07:59:53.5416	2019-08-30 07:59:53.562196	2019-08-30 07:59:53.562239
2019-08-30 07:59:54.542062	2019-08-30 07:59:54.66559	2019-08-30 07:59:54.665665
2019-08-30 07:59:55.653684	2019-08-30 07:59:55.684454	2019-08-30 07:59:55.684517
2019-08-30 07:59:56.788285	2019-08-30 07:59:56.8309	2019-08-30 07:59:56.830941
2019-08-30 07:59:57.759968	2019-08-30 07:59:57.896642	2019-08-30 07:59:57.896682
2019-08-30 07:59:58.887297	2019-08-30 07:59:59.028098	2019-08-30 07:59:59.028147
2019-08-30 08:00:00.02649	2019-08-30 08:00:00.130461	2019-08-30 08:00:00.130523
2019-08-30 08:00:01.132113	2019-08-30 08:00:01.151705	2019-08-30 08:00:01.151743
2019-08-30 08:00:02.276858	2019-08-30 08:00:02.313495	2019-08-30 08:00:02.313528
2019-08-30 08:00:03.384256	2019-08-30 08:00:03.405914	2019-08-30 08:00:03.405984
2019-08-30 08:00:04.45014	2019-08-30 08:00:04.486641	2019-08-30 08:00:04.486685
2019-08-30 08:00:05.543296	2019-08-30 08:00:05.582029	2019-08-30 08:00:05.582065
2019-08-30 08:00:06.572007	2019-08-30 08:00:06.598399	2019-08-30 08:00:06.598433
2019-08-30 08:00:07.635245	2019-08-30 08:00:07.654869	2019-08-30 08:00:07.654926
2019-08-30 08:00:08.756334	2019-08-30 08:00:08.791335	2019-08-30 08:00:08.791382
2019-08-30 08:00:09.75381	2019-08-30 08:00:09.902183	2019-08-30 08:00:09.902215
2019-08-30 08:00:10.85951	2019-08-30 08:00:10.966038	2019-08-30 08:00:10.966093
2019-08-30 08:00:11.997053	2019-08-30 08:00:12.056123	2019-08-30 08:00:12.056182
2019-08-30 08:00:13.046624	2019-08-30 08:00:13.108514	2019-08-30 08:00:13.108568
2019-08-30 08:00:14.200922	2019-08-30 08:00:14.227669	2019-08-30 08:00:14.227701
2019-08-30 08:00:15.330525	2019-08-30 08:00:15.364644	2019-08-30 08:00:15.364682
2019-08-30 08:00:16.419101	2019-08-30 08:00:16.470348	2019-08-30 08:00:16.470394
2019-08-30 08:00:17.527105	2019-08-30 08:00:17.553664	2019-08-30 08:00:17.553722
2019-08-30 08:00:18.599536	2019-08-30 08:00:18.630717	2019-08-30 08:00:18.630754
2019-08-30 08:00:19.559829	2019-08-30 08:00:19.667072	2019-08-30 08:00:19.667132
2019-08-30 08:00:20.753242	2019-08-30 08:00:20.794239	2019-08-30 08:00:20.794321
2019-08-30 08:00:21.70501	2019-08-30 08:00:21.820127	2019-08-30 08:00:21.820159
2019-08-30 08:00:22.900107	2019-08-30 08:00:22.919695	2019-08-30 08:00:22.919759
2019-08-30 08:00:24.021452	2019-08-30 08:00:24.041162	2019-08-30 08:00:24.041232
2019-08-30 08:00:25.125071	2019-08-30 08:00:25.146725	2019-08-30 08:00:25.146845
2019-08-30 08:00:26.15565	2019-08-30 08:00:26.201351	2019-08-30 08:00:26.201411
2019-08-30 08:00:27.341516	2019-08-30 08:00:27.364336	2019-08-30 08:00:27.364376
2019-08-30 08:00:28.386777	2019-08-30 08:00:28.417236	2019-08-30 08:00:28.417344
2019-08-30 08:00:29.520704	2019-08-30 08:00:29.552217	2019-08-30 08:00:29.552293
2019-08-30 08:00:30.492813	2019-08-30 08:00:30.536153	2019-08-30 08:00:30.536185
2019-08-30 08:00:31.65723	2019-08-30 08:00:31.686399	2019-08-30 08:00:31.686438
2019-08-30 08:00:32.650067	2019-08-30 08:00:32.75554	2019-08-30 08:00:32.755626
2019-08-30 08:00:33.743438	2019-08-30 08:00:33.766158	2019-08-30 08:00:33.766331
2019-08-30 08:00:34.790878	2019-08-30 08:00:34.811547	2019-08-30 08:00:34.811616
2019-08-30 08:00:35.8447	2019-08-30 08:00:35.952501	2019-08-30 08:00:35.952533
2019-08-30 08:00:37.0183	2019-08-30 08:00:37.099935	2019-08-30 08:00:37.099981
2019-08-30 08:00:37.988154	2019-08-30 08:00:38.092621	2019-08-30 08:00:38.092659
2019-08-30 08:00:39.231514	2019-08-30 08:00:39.251312	2019-08-30 08:00:39.251346
2019-08-30 08:00:40.265858	2019-08-30 08:00:40.310584	2019-08-30 08:00:40.310619
2019-08-30 08:00:41.390733	2019-08-30 08:00:41.4125	2019-08-30 08:00:41.412535
2019-08-30 08:00:42.481316	2019-08-30 08:00:42.501802	2019-08-30 08:00:42.501846
2019-08-30 08:00:43.53431	2019-08-30 08:00:43.556883	2019-08-30 08:00:43.556993
2019-08-30 08:00:44.521413	2019-08-30 08:00:44.562017	2019-08-30 08:00:44.562097
2019-08-30 08:00:45.713504	2019-08-30 08:00:45.758599	2019-08-30 08:00:45.758664
2019-08-30 08:00:46.632947	2019-08-30 08:00:46.750862	2019-08-30 08:00:46.750899
2019-08-30 08:00:47.798923	2019-08-30 08:00:47.819579	2019-08-30 08:00:47.819615
2019-08-30 08:00:48.867963	2019-08-30 08:00:48.98832	2019-08-30 08:00:48.988382
2019-08-30 08:00:49.98799	2019-08-30 08:00:50.017821	2019-08-30 08:00:50.017887
2019-08-30 08:00:50.187536	2019-08-30 08:00:50.206912	2019-08-30 08:00:50.206968